Nucleotide,Replicate,Time,Percent_cleaved
A,1,0,7.823028862
A,1,2,8.269867536
A,1,5,18.17067771
A,1,10,36.24351702
A,1,15,45.24342828
A,1,30,53.8793405
A,1,60,50.93193858
U,1,0,7.799680773
U,1,2,8.165952981
U,1,5,19.29069461
U,1,10,34.92099552
U,1,15,41.79695313
U,1,30,47.76960973
U,1,60,46.73837674
A6,1,0,7.14231548
A6,1,2,7.06013514
A6,1,5,14.71575429
A6,1,10,29.85260971
A6,1,15,38.26674668
A6,1,30,49.38548261
A6,1,60,51.83143529
G,1,0,9.676832565
G,1,2,8.135550468
G,1,5,12.0171044
G,2,10,24.44183522
G,2,15,34.45209292
G,2,30,43.43566199
G,2,60,44.35071027
A,1,0,6.262490919
A,1,2,9.580892019
A,1,5,18.38560128
A,1,10,34.8448716
A,1,15,45.76046432
A,1,30,54.61876325
A,1,60,56.64401919
U,1,0,6.508154458
U,1,2,9.92066945
U,1,5,19.77899035
U,1,10,35.05216397
U,1,15,44.52827308
U,1,30,52.4944747
U,1,60,52.86827381
A6,1,0,5.208631761
A6,1,2,7.178434756
A6,1,5,14.38158833
A6,1,10,31.2249859
A6,1,15,40.9472691
A6,1,30,50.36619024
A6,1,60,53.27135606
G,1,0,7.81744006
G,1,2,8.079164034
G,1,5,13.3965158
G,2,10,25.51277159
G,2,15,36.22603099
G,2,30,43.87710945
G,2,60,44.90252977
A,1,0,4.353594583
A,1,2,5.607796122
A,1,5,10.71788211
A,1,10,27.00618205
A,1,15,37.31498684
A,1,30,49.75192213
A,1,60,52.26882045
U,1,0,5.37011326
U,1,2,5.291816716
U,1,5,9.319811645
U,1,10,23.75382514
U,1,15,35.95537885
U,1,30,41.34357755
U,1,60,42.91208278
A6,1,0,9.180585643
A6,1,2,8.565279676
A6,1,5,18.04302696
A6,1,10,36.45072476
A6,1,15,48.08920034
A6,1,30,56.57381396
A6,1,60,54.63555322
G,1,0,10.36034262
G,1,2,12.44589335
G,1,5,21.3963179
G,2,10,38.88683049
G,2,15,47.4202895
G,2,30,52.6619972
G,2,60,51.57586029
